ImageName,E1_naturalness,n_E1_ratings,Perc_Nat,Original_Group
MDS10,3.101449275362319,69,4.955217859,Nature-selected
MDS100,3.0350877192982457,57,2.12965793,Urban-selected
MDS111,3.7636363636363637,55,2.180595629,Urban-selected
MDS113,2.6607142857142856,56,2.175289745,Urban-selected
MDS117,2.5892857142857144,56,4.742340702,Nature-selected
MDS119,3.2280701754385963,57,2.153179862,Urban-selected
MDS12,2.593220338983051,59,4.679764291,Nature-selected
MDS124,4.0701754385964914,57,5.577888894,Nature-selected
MDS127,3.0,52,1.947980341,Urban-selected
MDS128,2.450980392156863,51,2.003527067,Urban-selected
MDS129,3.4285714285714284,56,2.291389555,Urban-selected
MDS137,1.9074074074074074,54,1.358905081,Urban-selected
MDS138,2.14,50,1.927319185,Urban-selected
MDS139,5.731343283582089,67,6.544158639,Nature-selected
MDS140,3.7049180327868854,61,5.102957357,Nature-selected
MDS142,4.491228070175438,57,5.848965719,Nature-selected
MDS143,4.483870967741935,62,5.842518379,Nature-selected
MDS144,4.035714285714286,56,4.946690547,Nature-selected
MDS158,3.215686274509804,51,1.839698763,Urban-selected
MDS159,2.533333333333333,45,1.915558218,Urban-selected
MDS16,2.0535714285714284,56,1.420888552,Urban-selected
MDS160,3.0701754385964914,57,2.205933054,Urban-selected
MDS164,3.3620689655172415,58,2.286157025,Urban-selected
MDS17,1.9821428571428572,56,1.627396205,Urban-selected
MDS171,3.509433962264151,53,2.043119468,Urban-selected
MDS176,3.56140350877193,57,2.241515477,Urban-selected
MDS179,2.7547169811320753,53,4.748361778,Nature-selected
MDS18,2.1,50,1.417868844,Urban-selected
MDS183,3.44,50,4.886712064,Nature-selected
MDS184,3.8421052631578947,57,5.286432099,Nature-selected
MDS185,3.739130434782609,69,5.208078635,Nature-selected
MDS186,3.05,60,1.606301042,Urban-selected
MDS188,2.425925925925926,54,1.763283898,Urban-selected
MDS189,2.9491525423728815,59,1.966823874,Urban-selected
MDS193,3.0,64,4.80676928,Nature-selected
MDS195,3.2903225806451615,62,5.044201428,Nature-selected
MDS196,3.69811320754717,53,2.283620226,Urban-selected
MDS197,2.8518518518518516,54,1.920423981,Urban-selected
MDS200,3.953846153846154,65,5.422111106,Nature-selected
MDS201,4.338028169014085,71,5.705382904,Nature-selected
MDS23,3.3114754098360657,61,4.592302802,Nature-selected
MDS42,3.7540983606557377,61,5.368661059,Nature-selected
MDS47,2.0,56,1.477584478,Urban-selected
MDS48,2.21875,64,1.613471319,Urban-selected
MDS49,1.849056603773585,53,1.572008411,Urban-selected
MDS52,3.982456140350877,57,5.590872414,Nature-selected
MDS53,4.1692307692307695,65,5.414360115,Nature-selected
MDS54,3.7735849056603774,53,4.63025698,Nature-selected
MDS64,3.3620689655172415,58,4.604797301,Nature-selected
MDS65,3.7142857142857144,56,5.015055749,Nature-selected
MDS7,4.775862068965517,58,6.005324221,Nature-selected
MDS79,3.1041666666666665,48,2.312258546,Urban-selected
MDS8,4.580645161290323,62,5.54738618,Nature-selected
MDS81,3.0588235294117645,51,1.950125923,Urban-selected
MDS9,4.898305084745763,59,6.161731625,Nature-selected
MDS97,3.019230769230769,52,2.249333708,Urban-selected
MDS98,2.7142857142857144,56,2.075841117,Urban-selected
Nature1,6.518518518518518,54,6.835823267,Nature-selected
Nature10,6.295081967213115,61,6.8203274,Nature-selected
Nature11,6.483333333333333,60,6.39992787,Nature-selected
Nature12,6.278688524590164,61,6.537122842,Nature-selected
Nature13,6.383333333333334,60,6.349913198,Nature-selected
Nature14,6.116666666666666,60,6.593815101,Nature-selected
Nature15,6.622950819672131,61,6.572564673,Nature-selected
Nature16,6.60377358490566,53,6.618337082,Nature-selected
Nature17,6.344827586206897,58,6.665191451,Nature-selected
Nature18,4.461538461538462,65,6.164135194,Nature-selected
Nature19,6.5,62,6.820453322,Nature-selected
Nature2,6.6923076923076925,65,6.846153846,Nature-selected
Nature20,6.391304347826087,69,6.840766052,Nature-selected
Nature21,6.067796610169491,59,6.85626192,Nature-selected
Nature22,6.0,71,6.840766052,Nature-selected
Nature23,6.275862068965517,58,6.819738129,Nature-selected
Nature24,6.155172413793103,58,6.706180008,Nature-selected
Nature25,6.2105263157894735,57,6.659325639,Nature-selected
Nature26,6.454545454545454,66,6.768530246,Nature-selected
Nature27,6.39344262295082,61,6.721675877,Nature-selected
Nature28,6.19672131147541,61,6.795438652,Nature-selected
Nature29,6.278688524590164,61,6.758199668,Nature-selected
Nature3,6.636363636363637,66,6.799299477,Nature-selected
Nature30,6.2272727272727275,66,6.686441879,Nature-selected
Nature31,6.368421052631579,57,6.738461539,Nature-selected
Nature32,5.865671641791045,67,6.712635093,Nature-selected
Nature33,6.396825396825397,63,6.712635093,Nature-selected
Nature34,6.373134328358209,67,6.717800382,Nature-selected
Nature35,6.372881355932203,59,6.670946012,Nature-selected
Nature36,6.372881355932203,59,6.676111301,Nature-selected
Nature37,6.739130434782608,69,6.72813096,Nature-selected
Nature38,6.6440677966101696,59,6.72813096,Nature-selected
Nature39,6.523809523809524,63,6.79483471,Nature-selected
Nature4,6.828125,64,6.794134187,Nature-selected
Nature40,6.578125,64,6.79483471,Nature-selected
Nature41,6.46875,64,6.79483471,Nature-selected
Nature42,6.573529411764706,68,6.780054037,Nature-selected
Nature43,6.698412698412699,63,6.865780723,Nature-selected
Nature44,6.655172413793103,58,6.923680864,Nature-selected
Nature45,6.388888888888889,54,6.923680864,Nature-selected
Nature46,6.5,68,6.637389359,Nature-selected
Nature47,6.327868852459017,61,6.673197956,Nature-selected
Nature48,6.28,50,6.92296567,Nature-selected
Nature49,6.419354838709677,62,6.830657978,Nature-selected
Nature5,5.483870967741935,62,6.64840579,Nature-selected
Nature50,6.587301587301587,63,6.835823267,Nature-selected
Nature6,6.5423728813559325,59,6.826207883,Nature-selected
Nature7,6.672727272727273,55,6.846153846,Nature-selected
Nature8,6.295081967213115,61,6.8203274,Nature-selected
Nature9,6.412698412698413,63,6.825492689,Nature-selected
Urban1,1.5714285714285714,56,1.257885471,Urban-selected
Urban10,2.30188679245283,53,1.604507555,Urban-selected
Urban11,2.625,56,1.642094968,Urban-selected
Urban12,2.5535714285714284,56,1.588644921,Urban-selected
Urban13,2.6166666666666667,60,1.722245586,Urban-selected
Urban14,2.019230769230769,52,1.455044256,Urban-selected
Urban15,1.9824561403508771,57,1.324685803,Urban-selected
Urban16,1.7272727272727273,55,1.163461539,Urban-selected
Urban17,2.1320754716981134,53,1.387751235,Urban-selected
Urban18,2.8627450980392157,51,1.773772556,Urban-selected
Urban19,1.7636363636363637,55,1.164176733,Urban-selected
Urban2,1.7407407407407407,54,1.164176733,Urban-selected
Urban20,1.7735849056603774,53,1.39328329,Urban-selected
Urban21,1.62,50,1.184615385,Urban-selected
Urban22,1.62,50,1.593983814,Urban-selected
Urban23,1.9074074074074074,54,1.209615385,Urban-selected
Urban24,1.7380952380952381,42,1.408078635,Urban-selected
Urban25,2.9322033898305087,59,2.051545308,Urban-selected
Urban26,1.5576923076923077,52,1.293708739,Urban-selected
Urban27,2.8,60,1.65051714,Urban-selected
Urban28,1.7049180327868851,61,1.2,Urban-selected
Urban29,2.135593220338983,59,1.854879211,Urban-selected
Urban3,1.467741935483871,62,1.194945963,Urban-selected
Urban31,1.6326530612244898,49,1.262238985,Urban-selected
Urban32,1.3571428571428572,56,1.262238985,Urban-selected
Urban33,2.210526315789474,57,1.463243924,Urban-selected
Urban34,1.6833333333333333,60,1.371332339,Urban-selected
Urban35,2.433333333333333,60,1.635513961,Urban-selected
Urban36,1.6842105263157894,57,1.23593452,Urban-selected
Urban37,1.7924528301886793,53,1.230769231,Urban-selected
Urban38,1.711111111111111,45,1.123076923,Urban-selected
Urban39,2.176470588235294,51,1.792370042,Urban-selected
Urban4,1.6851851851851851,54,1.283489412,Urban-selected
Urban41,1.8070175438596492,57,1.40420314,Urban-selected
Urban42,1.3272727272727274,55,1.262238985,Urban-selected
Urban43,1.7346938775510203,49,1.215384615,Urban-selected
Urban44,1.9649122807017543,57,1.366278302,Urban-selected
Urban45,1.6785714285714286,56,1.262939508,Urban-selected
Urban46,3.440677966101695,59,2.127816763,Urban-selected
Urban47,1.5454545454545454,55,1.366263631,Urban-selected
Urban49,1.7321428571428572,56,1.26093452,Urban-selected
Urban5,1.6862745098039216,51,1.169342022,Urban-selected
Urban50,1.82,50,1.552391315,Urban-selected
Urban6,1.537037037037037,54,1.159011443,Urban-selected
Urban7,1.4528301886792452,53,1.169342022,Urban-selected
Urban8,2.4727272727272727,55,1.640887084,Urban-selected
Urban9,2.4,60,1.610610543,Urban-selected
