participant_id,best_nll,best_initial_guess,best_parameters,best_EV,AIC,BIC
200,137.24317753997028,"[0.11407297483792318, 0.4215289424933165]",[0.0001 0.0001],[-199.55075685 -199.62548718 -199.50047478 -199.49041382],278.48635507994055,283.6765947802097
201,137.17585508922437,"[0.6300622008097665, 0.10661292980742952]",[3.27804125e-01 1.00000000e-04],[-99.80515591 -99.84512393 -99.62528736 -99.47578678],278.35171017844874,283.5419498787179
202,137.2318229647537,"[0.456142810985039, 0.545508465407433]",[1.97278786e-04 2.11120639e-01],[ -34.4266775  -127.73489388  -52.75915928   12.24402718],278.4636459295074,283.65388562977654
203,137.24323696299828,"[0.11407297483792318, 0.4215289424933165]",[0.0001 0.0001],[-99.79546894 -99.81524978 -99.70015495 -99.77508998],278.48647392599656,283.6767136262657
204,75.69105180477115,"[0.32100997611574, 0.26266425857080095]",[1.94952013e+00 1.00000000e-04],[-199.805055   -199.835045   -198.38018966 -199.62517996],155.3821036095423,160.5723433098115
205,110.0066552736325,"[1.5559005849273708, 0.041040067625166335]",[0.01792323 0.05404081],[ -29.06880051  -60.34543167 -200.          -87.60117334],224.013310547265,229.2035502475342
206,131.12763480445795,"[0.3019258066257375, 0.08772350782364588]",[0.00120858 0.9999    ],[-1049.8749875  -649.9249925  1049.8749875  -100.       ],266.2552696089159,271.44550930918507
207,136.27493208121,"[0.32100997611574, 0.26266425857080095]",[0.02268038 0.0070944 ],[-90.35531612 -95.15258906 -82.16178503 -66.44207746],276.54986416242,281.7401038626892
208,102.782012027823,"[0.32100997611574, 0.26266425857080095]",[0.01836179 0.06779351],[ -33.84612425  -93.93539067  -65.3907499  -119.55290611],209.564024055646,214.7542637559152
209,119.95449624275601,"[0.6300622008097665, 0.10661292980742952]",[0.01087755 0.07496313],[ -15.03785814 -113.31536341   48.99796092  -51.5735222 ],243.90899248551202,249.0992321857812
210,125.4225560606766,"[2.502592550990945, 0.47787549169747473]",[1.40750849e+00 1.00000000e-04],[-199.39094454 -199.80505849 -199.62518746 -199.00172812],254.8451121213532,260.0353518216224
211,106.610985577832,"[0.3791393421060806, 0.8150913747630808]",[0.01865593 0.05700611],[ -84.92189537  -75.15581938  -70.3081579  -188.92374652],217.221971155664,222.41221085593318
212,115.61228269816627,"[0.8380208378556093, 0.12254657102340184]",[0.02459875 0.04003693],[-108.7479246   -63.09693831 -157.499993   -111.01311535],235.22456539633254,240.41480509660173
213,137.24412555736407,"[0.11407297483792318, 0.4215289424933165]",[0.0001 0.0001],[199.00204757 199.22114653 199.77012847 199.85008249],278.48825111472814,283.6784908149973
214,133.26489462444948,"[0.8380208378556093, 0.12254657102340184]",[0.00101741 0.9999    ],[ 200.         100.        -199.875      -99.9999925],270.52978924889896,275.7200289491681
215,119.74115303246967,"[1.963627079645324, 0.17462554951464707]",[0.00216141 0.97606557],[-1020.08198366    99.58064087  -199.98327147   -99.99975977],243.48230606493934,248.67254576520853
216,82.26690957414309,"[1.756459893383115, 0.3985737170117375]",[0.02192404 0.06119087],[ -85.46483055  -60.34812539   76.13116964 -188.13625613],168.53381914828617,173.72405884855536
217,136.5362829061456,"[0.3791393421060806, 0.8150913747630808]",[3.1382175e-04 9.9990000e-01],[ 200.  100. -200. -100.],277.0725658122912,282.26280551256036
218,133.47987753874722,"[1.6574399901154593, 0.15376760026326888]",[7.62585098e-04 9.26470248e-01],[-958.09031138   48.90755075 -114.84591791  -96.24318538],270.95975507749444,276.1499947777636
219,114.74209089603451,"[0.04896478140383951, 0.24704197760079977]",[0.0489099  0.02529478],[-50.98988438 -60.13931181 -63.1661289  -81.97650814],233.48418179206902,238.6744214923382
220,131.89272317489832,"[0.5063131261154388, 0.6398944251905073]",[0.00102624 0.9999    ],[-1049.8749875  -649.9249925  1049.8749875  -100.       ],267.78544634979664,272.9756860500658
221,87.99171639897507,"[1.6574399901154593, 0.15376760026326888]",[0.06067257 0.0297978 ],[ -40.10700061  -75.66947107 -108.67561478 -100.        ],179.98343279795014,185.17367249821933
223,123.22192251925088,"[0.11407297483792318, 0.4215289424933165]",[0.00129326 0.9999    ],[ 199.9999875  100.        -199.875      -99.9999925],250.44384503850176,255.63408473877095
224,137.11569119989548,"[0.456142810985039, 0.545508465407433]",[1.34623896e-04 9.99900000e-01],[ 199.9999875  100.        -199.9999875  -99.925    ],278.23138239979096,283.4216221000601
225,137.24376874928757,"[0.11407297483792318, 0.4215289424933165]",[0.0001 0.0001],[99.51587216 99.40098895 99.885035   99.91005549],278.48753749857514,283.6777771988443
226,136.88619340834776,"[0.456142810985039, 0.545508465407433]",[2.27774741e-04 9.99900000e-01],[ 199.9999875   99.9999925 -199.875     -100.       ],277.77238681669553,282.9626265169647
227,137.24414830051487,"[0.11407297483792318, 0.4215289424933165]",[0.0001 0.0001],[199.00204757 199.71015947 199.39094454 199.8650345 ],278.48829660102973,283.6785363012989
228,135.6228976890897,"[0.5217064775886462, 0.2758093568505297]",[4.79660819e-04 9.99900000e-01],[-1049.8749875   100.         1049.8749875   -99.925    ],275.2457953781794,280.4360350784486
229,136.81765901168583,"[1.1810780348593162, 0.1500538366753839]",[0.00081317 0.31598501],[167.996547   -86.37675241 117.75226305 -41.56544389],277.63531802337167,282.8255577236408
230,131.10418544864592,"[0.2762789090333448, 0.07931500433178079]",[1.55710023e+00 1.00000000e-04],[-99.65579218 -99.87521235 -99.8500025  -99.77508998],266.20837089729184,271.398610597561
231,84.0959705142926,"[0.07436333540484792, 0.045517733021870524]",[0.01513427 0.03233746],[-150.71609205 -144.43527795   13.96924157 -156.73527133],172.1919410285852,177.3821807288544
232,116.28163992671804,"[0.2762789090333448, 0.07931500433178079]",[0.03417948 0.02876104],[ -42.90589181  -78.7046537   -46.1335992  -100.        ],236.5632798534361,241.75351955370527
233,126.73324581569035,"[0.7534173820851595, 0.7529465571380899]",[0.0016012 0.9999   ],[ 200.          99.925     -200.         -99.9999925],257.4664916313807,262.6567313316499
234,136.30734148542203,"[0.5217064775886462, 0.2758093568505297]",[3.30201776e-04 9.99900000e-01],[ 200.         100.        -199.9999875 -100.       ],276.61468297084406,281.8049226711132
235,135.11256288281285,"[1.1810780348593162, 0.1500538366753839]",[0.00424121 0.06482455],[-20.74613705 -76.22442633  71.93565409 -16.60664316],274.2251257656257,279.41536546589487
236,137.2445915601644,"[0.11407297483792318, 0.4215289424933165]",[0.0001 0.0001],[198.75293323 199.60525392 199.77520993 199.77517995],278.4891831203288,283.67942282059795
237,137.24362777039596,"[0.11407297483792318, 0.4215289424933165]",[0.0001 0.0001],[99.44114671 99.62548717 99.92511996 99.93005049],278.4872555407919,283.6774952410611
238,136.2732766863312,"[0.04896478140383951, 0.24704197760079977]",[1.13986337e+00 1.00000000e-04],[99.70015495 99.62533731 99.78023082 99.85029224],276.5465533726624,281.73679307293156
239,136.64256895694882,"[0.5650930789468405, 0.5859248646983644]",[3.07313722e-04 9.99900000e-01],[ 199.9999875  100.        -200.         649.9249925],277.28513791389764,282.4753776141668
240,137.13219355178603,"[1.963627079645324, 0.17462554951464707]",[1.09348634e-04 9.99900000e-01],[-1049.8749875   100.         1049.8749875   649.9249925],278.26438710357206,283.4546268038412
241,135.6862775409667,"[0.32100997611574, 0.26266425857080095]",[9.88168035e-01 1.00000000e-04],[-199.39611476 -199.56555908 -199.50032488 -199.62517996],275.3725550819334,280.56279478220256
242,137.24323514805909,"[0.11407297483792318, 0.4215289424933165]",[0.0001 0.0001],[99.71018594 99.55056208 99.92511996 99.81032018],278.48647029611817,283.67670999638733
243,137.2435831408993,"[0.11407297483792318, 0.4215289424933165]",[0.0001 0.0001],[199.6252999  199.61521644 199.65527737 199.29661477],278.4871662817986,283.67740598206774
244,121.126245015672,"[0.5217064775886462, 0.2758093568505297]",[0.00867989 0.05679547],[ -74.550867   -110.95814174  -17.87922855   57.28088949],246.252490031344,251.44272973161318
245,66.2082700951543,"[1.415225555362504, 0.8878418666155204]",[0.01960744 0.03456081],[-160.82556681 -158.68843878   16.087573   -189.98596165],136.4165401903086,141.6067798905778
246,134.10773810113204,"[3.044705990796324, 0.22589615151275538]",[1.68989887e+00 1.00000000e-04],[-99.74060614 -99.81524978 -99.8700335  -99.77513497],272.2154762022641,277.40571590253325
248,128.42924304074432,"[0.7534173820851595, 0.7529465571380899]",[0.00733887 0.08258251],[-95.09154579 -35.9482023  -80.83836397  58.93821796],260.85848608148865,266.0487257817578
249,131.75021508845796,"[1.5559005849273708, 0.041040067625166335]",[0.01717002 0.02472696],[-157.00283493 -101.19066396  -64.69478379 -119.3441312 ],267.5004301769159,272.6906698771851
250,136.91970834130655,"[0.9181801883683428, 0.2612908041887676]",[4.21564371e-04 5.65320868e-01],[-517.78997169   64.62838015 -167.14765807  -64.62837762],277.8394166826131,283.02965638288225
251,136.72648669378862,"[0.4771597666726567, 0.4412345109420133]",[3.33096124e-04 8.53807655e-01],[-867.33085375    6.37864616  -43.96441026  -86.31376148],277.45297338757723,282.6432130878464
252,137.20525537437285,"[0.713134459056652, 0.4511837615493157]",[1.000e-04 9.999e-01],[ 199.9999875 -649.9249925 1049.8749875  -99.9999925],278.4105107487457,283.60075044901487
253,132.3230302304223,"[0.0637983266933759, 0.33635676199910547]",[0.00120555 0.9999    ],[ 199.9999875 -649.9249925 -200.        -100.       ],268.6460604608446,273.83630016111374
254,133.94466836105937,"[0.4771597666726567, 0.4412345109420133]",[6.07801756e-04 9.99900000e-01],[ 200.         100.        -199.875      649.9249925],271.88933672211874,277.0795764223879
255,113.56675640577704,"[0.45995884287232214, 0.0957278361622697]",[0.02187187 0.0444633 ],[-137.31654512  -48.34468974  -14.40398167 -146.31188252],231.13351281155408,236.32375251182327
256,108.42941739213985,"[0.7186134961037635, 0.19366962474038923]",[0.02005418 0.04792934],[ -74.99097461  -84.00031036  -93.22236325 -186.29935164],220.8588347842797,226.0490744845489
257,98.92282416438428,"[0.713134459056652, 0.4511837615493157]",[0.02799499 0.0695743 ],[ -38.6768524   -77.34703797 -129.950669   -114.13382224],201.84564832876856,207.03588802903775
258,122.94970876352112,"[0.7637073105390958, 0.5459959869104996]",[0.3322522  0.00196647],[ -95.57093766  -95.55240727 -100.78427451  -94.18666473],249.89941752704223,255.08965722731142
259,130.0706088839153,"[0.7279898646477716, 0.9238246311588052]",[0.00120028 0.9999    ],[-1049.8749875    99.925      -199.9999875   -99.925    ],264.1412177678306,269.33145746809976
260,134.42229346348228,"[0.6333040153947516, 0.23865678651960973]",[0.00173262 0.37574595],[ 73.77645223  24.2660576  123.90149571  21.31997812],272.84458692696455,278.0348266272337
261,131.87842989465335,"[0.41531046562211354, 0.05818454563916089]",[1.34088467e+00 1.00000000e-04],[-199.35617115 -199.46083171 -199.7500625  -199.60525392],267.7568597893067,272.94709948957586
262,137.20907822959305,"[0.7637073105390958, 0.5459959869104996]",[1.00000000e-04 9.89351926e-01],[ 199.99850696   92.09898778 1036.68991989  642.01395193],278.4181564591861,283.60839615945525
263,133.1872199579148,"[0.9181801883683428, 0.2612908041887676]",[0.00107672 0.78634078],[-783.36384039 -490.01830423 -190.408665     26.06284194],270.3744399158296,275.5646796160988
264,135.32961906612147,"[0.6333040153947516, 0.23865678651960973]",[7.75385247e-04 9.99900000e-01],[ 200.        -649.9249925 -200.         -99.925    ],274.65923813224293,279.8494778325121
265,121.1085667984031,"[0.18451317986894053, 0.7674841832362164]",[0.00200417 0.94280255],[ 196.14446888 -607.10235295 -199.98738645  -99.86768409],246.2171335968062,251.4073732970754
266,135.5827074778549,"[4.428591792063749, 0.9356710476582664]",[4.42859179 0.93567105],[ 200.          106.43289423 -198.34471487  -99.9879826 ],275.1654149557098,280.355654655979
267,137.2438063579902,"[0.620628573775584, 0.6017198220987188]",[0.0001 0.0001],[199.25116152 199.62517996 199.40130842 199.85008249],278.4876127159804,283.67785241624955
268,107.15702235823925,"[0.713134459056652, 0.4511837615493157]",[0.02832871 0.04142148],[ -71.27890846  -88.18543468 -120.9011794  -188.08116764],218.3140447164785,223.50428441674768
269,105.58342069603177,"[0.7279898646477716, 0.9238246311588052]",[0.101711   0.02002182],[-81.90184702 -68.64157927 -93.55962237 -86.15061337],215.16684139206353,220.35708109233272
270,132.04895574289216,"[1.7696489776056838, 0.029064520744610325]",[1.87141042e+00 1.00000000e-04],[-99.82545449 -99.82538459 -99.77505999 -99.85008249],268.0979114857843,273.2881511860535
271,136.80861877075475,"[1.3624069459394155, 0.616883748135508]",[2.53575975e-04 9.99900000e-01],[ 199.9999875  100.        -200.         -99.925    ],277.6172375415095,282.80747724177866
272,127.77752640884863,"[2.231100396247543, 0.6559146444587256]",[0.09589983 0.00372098],[-178.63754548 -178.33590336 -186.45473306 -195.00771774],259.5550528176973,264.74529251796645
273,112.47740915113064,"[0.1571489714897112, 0.08675471105055664]",[0.01836089 0.03114794],[ -63.34150116 -123.27260042 -163.45277015 -154.63363001],228.9548183022613,234.14505800253048
274,137.24314392171829,"[1.3624069459394155, 0.616883748135508]",[0.0001 0.0001],[199.37568708 199.5952924  199.54048268 199.55069692],278.48628784343657,283.67652754370573
275,125.88968881716116,"[0.9181801883683428, 0.2612908041887676]",[0.01136727 0.05142769],[ -73.65751058  -63.52389347 -107.98318876  -90.78744223],255.77937763432232,260.9696173345915
276,133.92941143775508,"[0.14185276517965728, 0.5835455064233956]",[0.00116217 0.88369012],[ 199.7978445    99.8787067  -199.94509808  -97.29440279],271.85882287551016,277.0490625757793
277,90.975707457585,"[1.3200504388485061, 0.24699027873776266]",[2.62572849e+00 1.00000000e-04],[ -99.74060614  -99.75073632 -100.039998   -100.        ],185.95141491517,191.1416546154392
278,137.2432234373095,"[0.713134459056652, 0.4511837615493157]",[0.0001 0.0001],[-199.50564947 -199.56555908 -199.50037485 -199.47051474],278.486446874619,283.67668657488815
279,133.82653943529104,"[1.0356227862545095, 0.020818873755973365]",[1.36156225e+00 1.00000000e-04],[-199.39094454 -199.49078378 -199.50032488 -199.72013248],271.6530788705821,276.84331857085124
280,102.59299855815921,"[0.3225007333540393, 0.8149538492537317]",[0.01730014 0.07280712],[ -53.21046514  -52.76978125 -115.61718845 -173.90610911],209.18599711631842,214.3762368165876
281,137.24315171230774,"[1.3200504388485061, 0.24699027873776266]",[0.0001 0.0001],[199.50052474 199.58533188 199.73522841 199.40122856],278.48630342461547,283.67654312488463
282,137.24424621749833,"[0.18451317986894053, 0.7674841832362164]",[0.0001 0.0001],[199.6252999  199.71015947 199.13749412 199.85008249],278.48849243499666,283.6787321352658
283,129.2534551599149,"[0.45995884287232214, 0.0957278361622697]",[0.0097388  0.05151415],[-91.93342596 -56.71210284 -86.17725933 -54.17361358],262.5069103198298,267.69715002009895
284,130.93704150356533,"[0.14185276517965728, 0.5835455064233956]",[0.00143071 0.80664233],[192.7089087   95.62534522  -4.98420164 -77.37532263],265.87408300713065,271.0643227073998
285,116.00448104905364,"[0.02779392660980782, 0.8411421564846]",[0.03765506 0.02960503],[-50.59311529 -73.41780997 -57.10715428 -78.45356254],236.00896209810728,241.19920179837646
286,135.96440075633987,"[0.9181801883683428, 0.2612908041887676]",[5.35827531e-04 9.99900000e-01],[ 199.875     -649.9249925 -199.999996   -99.925    ],275.92880151267974,281.1190412129489
287,109.45587149264372,"[0.6215553815090132, 0.8118195214501275]",[0.00261734 0.9999    ],[-1049.8749875    99.925      -199.9999875   -99.925    ],222.91174298528745,228.10198268555664
288,120.93078452642416,"[0.7279898646477716, 0.9238246311588052]",[0.00206559 0.98213697],[-1027.67123336  -636.60274002  -199.87236508   -99.90427381],245.86156905284832,251.0518087531175
289,114.19745823579798,"[0.18451317986894053, 0.7674841832362164]",[0.00241096 0.9999    ],[ 200.        -649.9249925 -200.         -99.925    ],232.39491647159596,237.58515617186515
290,115.9955228747143,"[0.7669432957073689, 0.18525881244365386]",[0.00228691 0.9999    ],[ 200.  100. -200. -100.],235.9910457494286,241.18128544969778
291,123.7185403418549,"[0.8002316870688801, 0.45874712798006595]",[0.00869363 0.11312137],[ -19.05382222 -106.48799697   12.59372295  -79.09163792],251.4370806837098,256.627320383979
292,132.53594448952435,"[0.14185276517965728, 0.5835455064233956]",[1.72968419e+00 1.00000000e-04],[-99.80056925 -99.90509546 -99.74027288 -99.77517994],269.0718889790487,274.26212867931787
293,137.2440230515159,"[0.620628573775584, 0.6017198220987188]",[0.0001 0.0001],[199.25116152 198.99182696 199.85010249 199.73014846],278.4880461030318,283.678285803301
294,136.92486197124785,"[0.620628573775584, 0.6017198220987188]",[2.15835774e-04 9.02882614e-01],[-928.61303039   93.6130989   928.61303039  -93.6130989 ],277.8497239424957,283.03996364276486
295,122.96758338581535,"[1.4100974423646173, 0.4282133637707475]",[2.0822902e+00 1.0000000e-04],[-99.86513194 -99.68593127 -99.8500025  -99.77508998],249.9351667716307,255.12540647189988
296,128.02232922342415,"[1.5061403349994766, 0.46950951377663735]",[0.01308068 0.03568993],[-57.13910447 -79.34120697  41.11416037 -13.77504766],260.0446584468483,265.23489814711746
297,137.24336052094233,"[0.620628573775584, 0.6017198220987188]",[0.0001 0.0001],[99.8600185  99.77515745 99.95006749 99.70103299],278.48672104188466,283.6769607421538
298,137.24319614228938,"[0.713134459056652, 0.4511837615493157]",[0.0001 0.0001],[-99.7553182  -99.82538459 -99.8800475  -99.70025489],278.48639228457876,283.6766319848479
299,134.87928207528333,"[0.620628573775584, 0.6017198220987188]",[6.56450263e-04 9.43113789e-01],[ 199.98765469   59.76235489 -199.98765469  607.3357703 ],273.75856415056666,278.9488038508358
300,115.93614621920428,"[0.7102434819528256, 0.29167188189993165]",[1.61043339e+00 1.00000000e-04],[-199.28148803 -199.9250225  -199.75013748 -199.10646756],235.87229243840855,241.06253213867774
301,136.67968943476043,"[0.48813401833622666, 0.3076020464332608]",[2.95722199e-04 9.99900000e-01],[ 199.9999875   99.9999925 -199.9999875 -100.       ],277.35937886952087,282.54961856979
302,127.35338683917001,"[0.4654357321821461, 0.04701661261874021]",[0.0154674 0.0293968],[ -71.59323432 -116.65491459  -80.84686482 -164.09312295],258.70677367834,263.8970133786092
303,98.65620637147846,"[0.9957076486364727, 0.239935682389615]",[0.06054157 0.01160441],[-131.71866443 -147.89177122 -200.         -183.65179995],201.31241274295692,206.5026524432261
304,116.88525255894307,"[0.7102434819528256, 0.29167188189993165]",[0.0236677 0.0168114],[-169.23679698 -168.15857947 -112.17759978  -56.43926715],237.77050511788613,242.96074481815532
305,132.64097035716105,"[0.6879101390838803, 0.17565037775621367]",[9.50154194e-04 9.99900000e-01],[-1049.8749875   100.         -200.          -99.925    ],269.2819407143221,274.47218041459126
306,137.19365088275282,"[0.7669432957073689, 0.18525881244365386]",[3.93650547e-01 1.00000000e-04],[99.74027288 99.62541225 99.84020186 99.85522283],278.38730176550564,283.5775414657748
307,136.09385386758822,"[0.02779392660980782, 0.8411421564846]",[0.1598803  0.00150642],[97.2506513  96.65614549 98.17851339 97.15596633],276.18770773517645,281.3779474354456
308,137.24314976961548,"[0.4695472050070939, 0.277165723805696]",[0.0001 0.0001],[99.81514796 99.55069691 99.82036413 99.92508997],278.48629953923097,283.67653923950013
309,121.7805224925235,"[0.9957076486364727, 0.239935682389615]",[0.03283969 0.03349453],[ -72.00803788 -119.95984313 -130.31952742  -96.21946491],247.561044985047,252.7512846853162
310,137.24339921764022,"[0.11924746376028093, 0.18182585729866652]",[0.0001 0.0001],[199.12622391 199.62517996 199.54048268 199.62548718],278.48679843528043,283.6770381355496
311,129.2814117599456,"[0.2607336557477405, 0.48246969760252395]",[0.00135881 0.9999    ],[-1049.8749875  -649.9249925  -200.          649.9249925],262.5628235198912,267.75306322016036
312,126.91522628954559,"[0.7102434819528256, 0.29167188189993165]",[0.01538026 0.0306196 ],[ -63.94013958 -124.05474272 -133.24635977 -127.92015477],257.8304525790912,263.02069227936033
313,133.02688277968292,"[0.0637983266933759, 0.33635676199910547]",[9.57543431e-04 9.99900000e-01],[-1049.8749875  -649.9249925  -199.875      -100.       ],270.05376555936584,275.244005259635
314,137.24429834716767,"[0.11924746376028093, 0.18182585729866652]",[0.0001 0.0001],[199.875      199.62517996 199.70035482 199.08755293],278.48859669433534,283.6788363946045
315,136.77654462984597,"[0.7669432957073689, 0.18525881244365386]",[0.00164956 0.14733798],[-136.48736949  -52.83539169  132.47381014   42.18555357],277.55308925969194,282.7433289599611
316,124.03066706626514,"[2.672671279657524, 0.11867847407568151]",[0.02096592 0.0253467 ],[ -76.26957714 -109.93777043 -146.26199051 -165.49232259],252.06133413253028,257.25157383279947
317,131.8328139151967,"[0.620628573775584, 0.6017198220987188]",[9.37554858e-04 9.99900000e-01],[-1049.8749875   100.         -199.875      -100.       ],267.6656278303934,272.8558675306626
318,127.21477061730167,"[0.32633553225368633, 0.49388848264541874]",[0.00164963 0.9999    ],[ 200.         99.925    -199.999997  -99.999998],258.42954123460333,263.6197809348725
319,127.58237207839082,"[1.3090567273975668, 0.11943988552541272]",[1.67214986e+00 1.00000000e-04],[-99.78023082 -99.87007148 -99.41097    -99.70019493],259.16474415678164,264.3549838570508
320,122.8036740094514,"[0.26665849583860485, 0.09043666946819585]",[1.87907687e+00 1.00000000e-04],[-199.28148803 -199.50564298 -199.75013748 -199.72013248],249.6073480189028,254.797587719172
321,137.21000266484768,"[0.48813401833622666, 0.3076020464332608]",[1.10047048e-04 9.99900000e-01],[ 199.875  100.    -200.     -99.925],278.42000532969536,283.6102450299645
322,112.38254882530353,"[0.44518723552559636, 0.1312872292314397]",[0.0026598  0.88813821],[-910.19221743   25.48715211  -75.81350755  -91.66486005],228.76509765060706,233.95533735087625
323,131.7625921577064,"[0.6275600815439113, 0.3840511538871606]",[0.00132923 0.72038065],[ 180.27955584 -441.21062223 -129.4739631   -96.69146944],267.5251843154128,272.71542401568195
324,117.58333445257561,"[0.06446201983213713, 0.4258151952169112]",[0.09879428 0.01251008],[-86.2650822  -72.79801667 -81.50756141 -73.53452488],239.16666890515123,244.35690860542041
325,137.2432412311918,"[0.4695472050070939, 0.277165723805696]",[0.0001 0.0001],[99.81514796 99.47594404 99.89512445 99.87521235],278.4864824623836,283.67672216265277
326,91.15715638416988,"[0.44518723552559636, 0.1312872292314397]",[0.03581976 0.04732793],[ -51.9929878   -69.27256386 -117.62911716   28.29860715],186.31431276833976,191.50455246860895
327,133.86380279401462,"[0.6553534559039907, 0.37498735112169196]",[0.00088356 0.8512357 ],[  41.69662118 -538.47330238 -199.47882177  -99.68729306],271.72760558802923,276.9178452882984
328,111.63348182118239,"[0.24956901777143162, 0.2862061732236798]",[0.10944569 0.01293064],[-68.04234592 -83.14357839 -91.55755749 -82.16794525],227.26696364236477,232.45720334263396
329,130.0846286193217,"[0.3922298261442517, 0.08095974758537884]",[0.00715786 0.0747196 ],[-74.68218907 -30.36905773  50.00039681  21.93620012],264.1692572386434,269.35949693891257
330,131.8511415006634,"[0.18451317986894053, 0.7674841832362164]",[0.00117813 0.78386398],[-11.87647867  94.06134284  11.87647867 -98.71644234],267.7022830013268,272.89252270159596
331,120.66617856699125,"[0.4566055375803195, 0.5152616049346881]",[0.00339664 0.61495255],[ -98.50893896 -365.15142338 -191.20740764  -93.40555573],245.3323571339825,250.5225968342517
332,137.0499667375196,"[0.14185276517965728, 0.5835455064233956]",[1.69497629e-04 9.99900000e-01],[-1049.8749875   100.         -199.9999875  -100.       ],278.0999334750392,283.2901731753084
333,137.0221470164067,"[0.1767754295387503, 0.37396737154054205]",[3.24118008e-04 8.07602753e-01],[ 192.80851119  100.13702358 -197.15123593  -99.58892925],278.0442940328134,283.23453373308257
334,134.24273181011176,"[3.8262026778029194, 0.03621079535716915]",[0.00890909 0.0415324 ],[-59.5940546  -69.93994984 -77.43370879 -76.19866726],272.4854636202235,277.6757033204927
335,104.88102343000871,"[0.06446201983213713, 0.4258151952169112]",[0.04317732 0.01630936],[-169.02309831 -108.18040801 -200.         -113.37797839],213.76204686001742,218.9522865602866
336,124.83319443550359,"[0.4061054007714339, 0.5631604657134756]",[0.00157427 0.9999    ],[ 199.875     -649.9249925 -199.969997   -99.9999925],253.66638887100717,258.85662857127636
337,116.86520573097047,"[1.3090567273975668, 0.11943988552541272]",[0.02639078 0.03914735],[-39.75289517 -50.1334325  -69.16579516  17.33881922],237.73041146194095,242.92065116221013
338,137.2415575545843,"[0.45995884287232214, 0.0957278361622697]",[0.07503138 0.0001    ],[-199.69525089 -199.49078378 -199.37556219 -199.37561214],278.4831151091686,283.67335480943774
339,136.71425924880685,"[2.0428155860233925, 0.2487003814610326]",[5.80135516e-01 1.00000000e-04],[-199.65527737 -199.65527587 -199.2509368  -199.24099572],277.4285184976137,282.61875819788287
340,118.52305640930149,"[0.6213696956405049, 0.2757490000608436]",[0.00349898 0.63679113],[ -90.9493059   -74.56958354 -194.77908047  -76.97066571],241.04611281860298,246.23635251887217
341,137.0502819120753,"[0.5299634515458123, 0.6145769491428715]",[2.10962304e-04 8.22973187e-01],[  17.85794054   99.39371256 -167.75597351  -80.65358411],278.1005638241506,283.29080352441974
342,131.8750497774641,"[0.5963742645752487, 0.19972720817899733]",[0.00126188 0.75626597],[196.66095028  66.27578531 746.14591525 -91.7802617 ],267.7500995549282,272.9403392551974
343,123.24416742689965,"[0.9181801883683428, 0.2612908041887676]",[0.00188217 0.9999    ],[ 200.         100.        -200.         -99.9999925],250.4883348537993,255.6785745540685
344,120.02666936173947,"[1.3472217390488939, 0.17347884285542667]",[0.0023747 0.8649877],[-881.28314651   98.40334686 -199.90031853  -88.17401616],244.05333872347893,249.24357842374812
345,127.93623829773014,"[0.21812797931140765, 0.2621194343809695]",[0.00155726 0.9999    ],[ 200.          99.9999925 -200.        -100.       ],259.8724765954603,265.06271629572944
346,136.58195080729544,"[0.9610819494048642, 0.14011582213185367]",[3.36899702e-04 9.99900000e-01],[ 199.9999875  100.        -200.         649.9249925],277.1639016145909,282.35414131486004
347,130.68432727027286,"[1.7139943398994595, 0.25189434708835945]",[0.02063202 0.03178392],[-109.53908311  -93.35355233 -100.95326497 -100.22160819],265.3686545405457,270.5588942408149
348,137.24448920163118,"[0.45662110024368907, 0.09978264975914097]",[0.0001 0.0001],[198.75268375 199.33586389 199.885036   199.73014846],278.48897840326237,283.6792181035315
349,137.24330546148,"[0.11924746376028093, 0.18182585729866652]",[0.0001 0.0001],[99.80512747 99.47573434 99.78529973 99.86511244],278.48661092296,283.67685062322914
350,133.1170271063357,"[0.1608825766327586, 0.8749259954411156]",[8.63938608e-04 9.99900000e-01],[ 200.        -649.9249925 -199.875     -100.       ],270.2340542126714,275.4242939129406
351,41.82702434300579,"[0.16402143480521433, 0.2311638351070674]",[0.03345471 0.07995161],[ -13.32649844  -91.81468228 -107.99516172   25.935524  ],87.65404868601158,92.84428838628075
352,132.33806712266997,"[0.0672382526966764, 0.7637435137387906]",[0.0195713 0.0071276],[-173.34501752 -184.95794251 -130.70393283 -181.41993134],268.67613424533994,273.8663739456091
353,86.72842000345202,"[0.44518723552559636, 0.1312872292314397]",[0.07056727 0.02922361],[ -74.24682569  -60.03296542 -108.51337449 -100.        ],177.45684000690403,182.64707970717322
354,133.52148036452175,"[0.1608825766327586, 0.8749259954411156]",[1.33052002e+00 1.00000000e-04],[-99.89007448 -99.84017488 -99.51587216 -99.62533731],271.0429607290435,276.23320042931266
355,137.24401765089,"[0.4695472050070939, 0.277165723805696]",[0.0001 0.0001],[199.50032488 198.96212941 199.85010249 199.62548718],278.48803530178,283.67827500204913
356,136.6097932005216,"[0.24956901777143162, 0.2862061732236798]",[0.00460262 0.05061261],[-102.59389796  -82.57005752    1.11537249  -60.3990836 ],277.2195864010432,282.4098261013124
357,136.89622451842826,"[0.14185276517965728, 0.5835455064233956]",[9.61392025e-01 1.00000000e-04],[-99.73041803 -99.88015291 -99.62528736 -99.77517994],277.7924490368565,282.98268873712567
358,123.01608910246172,"[1.9037807211667623, 0.9783003972018752]",[0.01260937 0.0400188 ],[ -78.47795129 -101.29037177   18.60930417 -111.98584554],250.03217820492344,255.22241790519263
359,135.39276721057809,"[2.313946524907466, 0.013732820834522659]",[0.00612034 0.03149472],[-136.77396553 -115.75064157  -37.03780839 -100.97548362],274.78553442115617,279.97577412142533
360,130.86182652287226,"[0.6878583605401727, 0.2933605991390664]",[9.95372432e-04 9.99900000e-01],[ 200.  100. -200. -100.],265.7236530457445,270.9138927460137
361,68.68446361924882,"[0.59007619226669, 0.4591656225742911]",[0.07154764 0.0440614 ],[ -76.57356791  -47.26093569 -112.6445545  -100.        ],141.36892723849763,146.55916693876682
362,108.19049390869539,"[0.6215553815090132, 0.8118195214501275]",[0.0197622  0.05263153],[ -30.31877006  -62.03478287  -95.89380378 -180.5518811 ],220.38098781739077,225.57122751765996
363,136.09532411788288,"[0.39309369913662373, 0.662456234243174]",[3.53839432e-04 9.99900000e-01],[ 200.         100.        -199.9999875  649.9249925],276.19064823576576,281.3808879360349
364,137.24706429494873,"[0.59007619226669, 0.4591656225742911]",[0.0001 0.0001],[198.25602449 199.62517996 199.8450435  199.880006  ],278.49412858989746,283.6843682901666
365,133.9736673856035,"[0.6213696956405049, 0.2757490000608436]",[0.00115752 0.7235937 ],[ 130.78473511  -50.24679554 -130.78483573  -96.82715787],271.947334771207,277.13757447147617
366,86.6970816178941,"[0.11924746376028093, 0.18182585729866652]",[0.19732701 0.00785092],[ -80.54561933  -87.12128134 -102.33683501 -100.        ],177.3941632357882,182.5844029360574
367,103.09303709448538,"[3.264190765887242, 0.2401676981097983]",[1.5159252e+00 1.0000000e-04],[-199.61530785 -199.65527587 -199.8749875  -198.61854076],210.18607418897076,215.37631388923995
368,130.89754952987218,"[0.09811090806529854, 0.11285425828350303]",[0.00707929 0.11709857],[-113.35398608  -30.5763661    13.79832529   10.26767088],265.79509905974436,270.9853387600135
369,129.20015053919707,"[0.2807260960832899, 0.550069880717475]",[0.00104864 0.9999    ],[ 200.         100.        1049.8749875  -99.925    ],262.40030107839414,267.5905407786633
370,136.92461938310439,"[0.5963742645752487, 0.19972720817899733]",[2.26144175e-04 9.99900000e-01],[ 199.9999875  100.        -200.        -100.       ],277.84923876620877,283.03947846647793
371,135.38767156416458,"[2.0474766659538806, 0.0012689781346440449]",[1.15988932e+00 1.00000000e-04],[-199.39611476 -199.56555908 -199.62514997 -199.50036485],274.77534312832915,279.9655828285983
372,137.24352796545713,"[0.4695472050070939, 0.277165723805696]",[0.0001 0.0001],[199.25116152 199.33586389 199.9250325  199.52073885],278.48705593091427,283.6772956311834
373,135.15043773180534,"[0.26665849583860485, 0.09043666946819585]",[0.00491161 0.08051534],[-1.92669457 -5.38068135 99.26165088 99.2804084 ],274.3008754636107,279.49111516387984
374,129.70658666221425,"[0.6101042872969914, 0.15775233592207344]",[0.00163125 0.82345439],[-829.49456712 -517.69674027  829.38660374  -99.70856021],263.4131733244285,268.60341302469766
375,100.00066627802673,"[0.11924746376028093, 0.18182585729866652]",[0.05133115 0.02457947],[-74.80109525 -95.03409504 -19.44974188 -66.14088433],204.00133255605346,209.19157225632264
376,137.24577873754646,"[0.4695472050070939, 0.277165723805696]",[0.0001 0.0001],[199.8750375  199.8350495  198.91395955 199.85008249],278.4915574750929,283.6817971753621
377,100.06724370615594,"[0.45995884287232214, 0.0957278361622697]",[0.01840969 0.03889687],[ -38.96787486 -111.44197911 -200.         -114.15494359],204.13448741231187,209.32472711258106
378,111.41990877649219,"[0.07054207914221841, 0.17407312979723485]",[0.03285723 0.05077132],[-49.78266479 -94.08826568 -57.55547869 -91.96583532],226.83981755298439,232.03005725325357
379,131.4715516673818,"[0.12411084787270968, 0.8034894825967106]",[0.03011633 0.0166558 ],[-137.09079913 -126.87215645 -142.43675908 -143.19109996],266.9431033347636,272.13334303503274
380,137.24361523243155,"[0.45662110024368907, 0.09978264975914097]",[0.0001 0.0001],[99.65539977 99.40122854 99.9001849  99.9350205 ],278.4872304648631,283.67747016513226
381,131.2909659062054,"[0.0672382526966764, 0.7637435137387906]",[0.00142261 0.91386969],[ 199.27009846   40.96581442 -197.03262833  -99.80831453],266.5819318124108,271.77217151267996
382,131.52343521149496,"[0.4607447469177118, 0.24448521043334462]",[0.00136558 0.81345056],[  10.27121258   78.76372212 -197.40318061  -96.03883956],267.0468704229899,272.2371101232591
383,122.8391673883839,"[0.6275600815439113, 0.3840511538871606]",[0.001526 0.9999  ],[-1049.8749875   100.         -199.9999875  -100.       ],249.6783347767678,254.868574477037
384,137.24377562309266,"[0.620628573775584, 0.6017198220987188]",[0.0001 0.0001],[99.36645861 99.62533731 99.95006749 99.92508997],278.4875512461853,283.6777909464545
385,137.24324837026785,"[0.9662922152747153, 0.30754964999568046]",[0.0001 0.0001],[199.50042482 199.25092181 199.43089162 199.73014846],278.4864967405357,283.67673644080486
386,135.76026178653305,"[0.38911339594844063, 0.20964067666344263]",[1.71012631e+00 1.00000000e-04],[-99.85035217 -99.78541751 -99.80512747 -99.85008249],275.5205235730661,280.71076327333526
387,128.6236029220911,"[0.5299634515458123, 0.6145769491428715]",[0.00134811 0.9999    ],[ 199.9999875 -649.9249925 -200.        -100.       ],261.2472058441822,266.43744554445135
388,125.66916632192516,"[1.203413125871296, 0.13239104354224934]",[0.01024867 0.06522372],[-90.34410371 -87.95334304 -60.27957684 -74.88710946],255.33833264385032,260.5285723441195
389,64.64539945949586,"[0.03049831842125315, 0.9538006726923981]",[0.00897505 0.78066795],[-775.88570775 -485.79831298 -185.56803677  -71.81926762],133.29079891899173,138.48103861926091
390,104.15332893186809,"[1.4528638644051795, 0.13201841446219392]",[0.01980279 0.0466674 ],[-48.59975814 -69.56897335 -86.77324291  55.30862467],212.30665786373618,217.49689756400537
391,113.78174990403855,"[0.38911339594844063, 0.20964067666344263]",[0.11024209 0.01251562],[-82.71976673 -81.71665285 -94.52026296 -82.02722976],231.5634998080771,236.75373950834629
392,134.31494798490354,"[0.4061054007714339, 0.5631604657134756]",[5.20784722e-04 9.99900000e-01],[ 199.9999875 -649.9249925 -199.875      -99.925    ],272.6298959698071,277.82013567007624
393,98.48390013901286,"[3.161753636907558, 0.057325989041401536]",[1.27084023e+00 1.00000000e-04],[-199.61530785 -199.895027   -198.37970357 -199.8350495 ],200.96780027802572,206.1580399782949
394,98.17795109550926,"[0.26665849583860485, 0.09043666946819585]",[0.01686767 0.05386021],[ -25.77614458 -130.36295898  -42.92775286 -180.13480931],200.35590219101852,205.5461418912877
395,120.79740904331788,"[0.7102434819528256, 0.29167188189993165]",[1.64590007e+00 1.00000000e-04],[-199.2120802  -199.70031485 -199.62514997 -199.72013248],245.59481808663577,250.78505778690496
396,135.5077422948492,"[0.24956901777143162, 0.2862061732236798]",[1.01088912e+00 1.00000000e-04],[99.65539977 99.70031484 99.9001849  99.83523531],275.0154845896984,280.2057242899676
397,102.71939236969848,"[0.46612458416564156, 0.40478462572791174]",[0.03247755 0.03392055],[ -84.24993562 -135.37821072 -131.98563249 -151.14166097],209.43878473939697,214.62902443966615
398,137.2433327610852,"[0.4695472050070939, 0.277165723805696]",[0.0001 0.0001],[-99.78023082 -99.8601629  -99.55045719 -99.70028487],278.4866655221704,283.6769052224396
399,136.9907997227739,"[2.0474766659538806, 0.0012689781346440449]",[5.29407343e-01 1.00000000e-04],[199.50052474 199.58533188 199.62553713 199.52073885],277.9815994455478,283.17183914581693
400,137.24315698868233,"[0.9662922152747153, 0.30754964999568046]",[0.0001 0.0001],[99.590635   99.70031484 99.945027   99.82538459],278.48631397736466,283.6765536776338
401,135.6965537345318,"[0.7603076989014615, 0.020134135149821222]",[1.0134947e+00 1.0000000e-04],[-199.39611476 -199.55069692 -199.62514997 -199.60525392],275.3931074690636,280.58334716933274
402,137.1874214872753,"[0.6197248590118465, 0.14504894863849174]",[0.00294008 0.01308493],[-152.58628972 -159.76858001 -131.69533095 -127.63044944],278.3748429745506,283.56508267481973
403,133.71408064230673,"[0.1767754295387503, 0.37396737154054205]",[6.81734443e-04 9.99900000e-01],[ 200.     100.    -199.875  -99.925],271.42816128461345,276.6184009848826
404,137.18969653068584,"[1.4974424141435574, 0.7008346884132388]",[1.000e-04 9.999e-01],[ 199.9999875  100.        -200.         649.9249925],278.3793930613717,283.56963276164083
405,41.763166682053004,"[1.794277524062312, 0.09416961420433623]",[2.17511801e+00 1.00000000e-04],[-199.840008   -199.880006   -197.88347798 -199.8749975 ],87.52633336410601,92.71657306437518
406,134.53218489794966,"[1.2582882318023572, 0.11697737882779494]",[0.00097855 0.68798777],[ 116.03078798 -417.52116796 -173.80057966  -95.09530272],273.0643697958993,278.2546094961685
407,136.11492119100566,"[0.9610819494048642, 0.14011582213185367]",[0.00153207 0.28900491],[-113.61598641   34.54591632  113.86064492   -4.79754021],276.2298423820113,281.4200820822805
408,133.22170598817408,"[3.8922464508421384, 0.007890418506316745]",[0.01249169 0.01927637],[-126.36623348 -153.45037133 -134.20999326  -75.56102423],270.44341197634816,275.6336516766173
409,137.1235398242216,"[0.16402143480521433, 0.2311638351070674]",[0.00139608 0.07342243],[-32.11976437 -64.56971759  30.04132472   9.00882194],278.2470796484432,283.4373193487124
410,124.25438713303282,"[0.5686292076237078, 0.01516832460500012]",[0.01135463 0.07039455],[-53.90525554 -61.5216324   -8.51388474 -58.74571025],252.50877426606564,257.6990139663348
411,136.64846239574604,"[0.46612458416564156, 0.40478462572791174]",[8.74413309e-01 1.00000000e-04],[-199.47601395 -199.62548718 -199.62522494 -199.48046378],277.2969247914921,282.48716449176123
412,137.10499410282597,"[0.4695472050070939, 0.277165723805696]",[0.00090123 0.1310411 ],[-77.93143128 -16.15375576  86.04923458  14.67457195],278.20998820565194,283.4002279059211
413,101.73604989762487,"[1.1049125232680517, 0.05222078566244432]",[0.01698698 0.08644453],[ -73.03970044  -65.84834436 -117.61420294 -169.65297373],207.47209979524973,212.66233949551892
414,137.07183881596217,"[1.4974424141435574, 0.7008346884132388]",[3.93397780e-04 4.42742513e-01],[143.60074808  66.16046752 125.91511025 250.90633456],278.14367763192433,283.3339173321935
415,119.91886206556326,"[0.4643592479855115, 0.15543067915064734]",[0.13676183 0.00510319],[-88.34295687 -93.58050686 -88.7295891  -72.09815618],243.83772413112652,249.0279638313957
416,114.39355304094684,"[0.10999368247933339, 0.2860592969002404]",[0.24797957 0.00234094],[ -93.594811    -98.85808611 -100.93309584  -91.42362161],232.78710608189368,237.97734578216287
417,137.0942083923428,"[0.07054207914221841, 0.17407312979723485]",[4.17796274e-01 1.00000000e-04],[-99.80515591 -99.84512393 -99.47566444 -99.62537478],278.1884167846856,283.3786564849548
418,122.2419941323496,"[0.5823749613339418, 0.05757467276645433]",[0.65447462 0.0008466 ],[-98.34854621 -98.34290108 -99.61970698 -98.73383928],248.4839882646992,253.6742279649684
419,127.51734008835382,"[0.1646605925716482, 0.7317946814279616]",[0.00182941 0.90680181],[ 199.0824121    99.94868949 -199.97736654  -99.838098  ],259.03468017670764,264.2249198769768
420,113.14812644244171,"[0.16402143480521433, 0.2311638351070674]",[0.0571575  0.01211469],[-130.29616318 -161.56607218 -172.00717523 -180.95679374],230.29625288488342,235.4864925851526
421,87.46297126413839,"[0.4695472050070939, 0.277165723805696]",[0.05615266 0.04215404],[ -41.87599622  -71.34327273 -115.82508669  -70.99373173],178.92594252827678,184.11618222854597
422,137.24308868255744,"[0.6275600815439113, 0.3840511538871606]",[0.02573754 0.0001    ],[-99.7055303  -99.79526626 -99.78508349 -99.77508998],278.4861773651149,283.67641706538404
423,137.2435468893787,"[0.45662110024368907, 0.09978264975914097]",[0.0001 0.0001],[199.1265734  199.34579946 199.62041075 199.85008249],278.4870937787574,283.6773334790266
424,137.02873276138166,"[1.6769195069655891, 0.1081184499140028]",[2.25463878e-04 8.61657220e-01],[199.60545874  87.63110961 877.12611964 -98.28885344],278.0574655227633,283.2477052230325
425,135.29249303876318,"[0.21812797931140765, 0.2621194343809695]",[1.3182245e+00 1.0000000e-04],[-99.82545449 -99.81032018 -99.9650105  -99.70028487],274.58498607752637,279.7752257777955
426,128.58130365792235,"[0.4232964003521007, 0.6681124748509062]",[0.00106269 0.9999    ],[ 200.        -649.9249925 -200.        -100.       ],261.1626073158447,266.35284701611386
427,125.88482658322211,"[0.19990814144379154, 0.07819735908448476]",[0.01954316 0.04308552],[ -80.66745534  -86.94079086  -73.9354322  -105.87120837],255.76965316644421,260.9598928667134
428,92.14338469906441,"[0.59007619226669, 0.4591656225742911]",[0.12150769 0.01231446],[ -81.2936211   -75.81641497 -104.83554336 -100.        ],188.28676939812883,193.477009098398
429,137.24374605415684,"[1.3200504388485061, 0.24699027873776266]",[0.0001 0.0001],[199.00204757 199.58533188 199.66038079 199.77517995],278.4874921083137,283.67773180858285
430,112.28473739723977,"[0.5963742645752487, 0.19972720817899733]",[0.00272466 0.95030343],[ 199.85420202 -612.72779419 -199.9509048   -99.9631786 ],228.56947479447953,233.75971449474872
431,130.1963317787936,"[0.6878583605401727, 0.2933605991390664]",[0.0011137 0.9999   ],[-1049.8749875  -649.9249925  -199.9999875   -99.9999925],264.3926635575872,269.58290325785634
432,136.69564781690548,"[0.6101042872969914, 0.15775233592207344]",[3.38509035e-04 8.68107748e-01],[199.67161903  98.5061397  885.17800851 -88.67363025],277.39129563381096,282.5815353340801
433,136.2832108724197,"[0.46439660447538106, 0.32051505747902576]",[3.94823529e-04 9.99900000e-01],[-1049.8749875   100.         -200.          -99.9999925],276.5664217448394,281.75666144510853
434,97.2558232830707,"[0.7603076989014615, 0.020134135149821222]",[0.01194611 0.13582544],[  12.70749927  -47.3178295   126.78218219 -164.53635182],198.5116465661414,203.70188626641058
435,135.85729800700224,"[0.7700254720843611, 0.4672822847442025]",[4.93444183e-04 9.99900000e-01],[ 200.         100.        -199.875      649.9249925],275.7145960140045,280.90483571427364
436,132.3553895136295,"[0.09208036136475879, 0.27347449717736744]",[0.00138    0.86201012],[ 197.16870099   98.30122059 -199.85497301  -99.76559193],268.710779027259,273.90101872752814
437,93.58157970024942,"[0.9662922152747153, 0.30754964999568046]",[2.50375722e+00 1.00000000e-04],[ -99.82545449  -99.70590386 -100.039998   -100.        ],191.16315940049884,196.35339910076803
438,134.27387658304198,"[0.5299634515458123, 0.6145769491428715]",[6.43280089e-04 9.99900000e-01],[-1049.8749875   100.         -199.9999875  -100.       ],272.54775316608396,277.7379928663531
439,85.49441583223611,"[1.2211778232556156, 0.4829160180305926]",[0.07786172 0.02288544],[-68.45322922 -86.5805789  -87.64852163 -70.4182841 ],174.98883166447223,180.17907136474142
440,60.49117402912406,"[2.157568464847245, 0.0011358453283130112]",[2.49746055e+00 1.00000000e-04],[-99.945027   -99.95004749 -98.98347518 -99.8500225 ],124.98234805824812,130.1725877585173
442,134.62095156114708,"[0.28344122753333756, 0.13618517816293912]",[7.43215447e-04 8.60239728e-01],[-875.3570147     9.82469335 -178.99512595   -9.82469335],273.24190312229416,278.4321428225633
443,136.89101718498017,"[0.6553534559039907, 0.37498735112169196]",[0.00087591 0.25703781],[-108.52210347   24.35244647  -29.74796419   85.16062263],277.78203436996034,282.9722740702295
444,105.925940307186,"[0.2688216292131513, 0.9808877800799045]",[0.03430096 0.05760924],[-65.62289803 -55.85887719 -16.70908475 -65.92173178],215.851880614372,221.04212031464118
445,123.13968390679355,"[0.4607447469177118, 0.24448521043334462]",[0.01428641 0.03596506],[ -77.4393466   -83.42149965 -156.66051587 -117.18572466],250.2793678135871,255.4696075138563
446,137.07955211872857,"[1.8067648917262404, 0.04001838203130412]",[5.42555755e-01 1.00000000e-04],[-99.76039706 -99.90014492 -99.78508349 -99.55051713],278.15910423745714,283.3493439377263
447,110.2423430683193,"[1.2124458825707631, 0.2165062403726633]",[0.01071139 0.25192477],[-27.18428773 -83.80713999 -72.03343497  38.08612167],224.4846861366386,229.6749258369078
449,129.00311962257075,"[1.2582882318023572, 0.11697737882779494]",[8.31040826e-04 9.99900000e-01],[-1049.8749875  -649.9249925  -200.          -99.925    ],262.0062392451415,267.19647894541066
452,135.572755131233,"[0.10999368247933339, 0.2860592969002404]",[5.67712490e-04 9.14740635e-01],[-943.43095775 -586.05857465 -199.93958036  586.05857465],275.145510262466,280.3357499627352
453,136.75828906330045,"[1.3472217390488939, 0.17347884285542667]",[2.57097809e-04 9.99900000e-01],[ 199.9999875   99.925     -199.875      649.9249925],277.5165781266009,282.70681782687006
454,131.22903871489027,"[0.4607447469177118, 0.24448521043334462]",[0.00350058 0.35966119],[ 115.29445299  -23.9434979  -122.60369543  -49.17740339],266.45807742978053,271.6483171300497
455,128.74595184059262,"[0.7705238222098554, 0.04730240783530884]",[0.02444021 0.02923061],[45.5926662  28.83221724 84.35882155 73.53486362],261.49190368118525,266.6821433814544
456,119.68413058444057,"[0.1767754295387503, 0.37396737154054205]",[0.00278897 0.81519653],[ 193.56725626   79.11485929 -186.33907263  -89.75430447],243.36826116888113,248.55850086915032
458,98.57519137588474,"[0.09811090806529854, 0.11285425828350303]",[0.43215637 0.00224973],[ -93.13670357  -94.36841367 -100.8968634  -100.        ],201.15038275176948,206.34062245203867
459,137.08319374605708,"[0.7238876981703758, 0.6003122969165029]",[1.60785418e-04 9.99900000e-01],[ 200.          99.9999925 -199.875      -99.9999925],278.16638749211415,283.3566271923833
460,116.38784994025413,"[0.9803859389192906, 0.13611764409640267]",[0.01223178 0.08392244],[-96.11585106 -86.7927066   91.83937821  -8.62563388],236.77569988050826,241.96593958077744
461,137.243301902672,"[0.4695472050070939, 0.277165723805696]",[0.0001 0.0001],[199.50047478 199.50036485 199.47601395 199.67034182],278.486603805344,283.67684350561314
462,119.02158764257472,"[0.6553534559039907, 0.37498735112169196]",[0.0500829  0.01184662],[-142.62232557 -135.90189842 -185.88105787 -171.50939286],242.04317528514943,247.23341498541862
463,136.60917731587654,"[0.9224016270825496, 0.3592371304312602]",[4.57585526e-04 6.89384644e-01],[ 191.95509696 -418.53781268   68.44300352  -95.17308296],277.2183546317531,282.40859433202223
464,127.87392648298452,"[0.39309369913662373, 0.662456234243174]",[0.01464005 0.0360404 ],[ -63.36952823 -157.35899327  -39.35082948  -90.156712  ],259.74785296596906,264.9380926662382
465,137.2437592777034,"[0.08310639250472895, 0.8978203544552514]",[0.0001 0.0001],[199.00204757 199.5952924  199.54560803 199.85008249],278.4875185554068,283.67775825567594
466,100.2761973292664,"[0.4643592479855115, 0.15543067915064734]",[0.05272729 0.01193162],[-136.92077505 -133.94256908 -200.         -195.3120892 ],204.5523946585328,209.74263435880198
467,132.56624907302992,"[0.6474910679548112, 0.5136728429484753]",[7.5031584e-04 9.9990000e-01],[ 199.9999875  100.        -199.9999875  -99.9999925],269.13249814605985,274.322737846329
468,130.8463296341824,"[0.5010225368056553, 0.7039046401694707]",[0.00204285 0.62693451],[  90.13682784 -373.62350745 -159.19746264  -90.82596443],265.6926592683648,270.882898968634
469,113.25783901985217,"[1.795237209206611, 0.034951964214772924]",[2.2417888e+00 1.0000000e-04],[ -99.66603998  -99.88510295 -100.039998    -99.70022491],230.51567803970434,235.70591773997353
470,135.86505831031772,"[0.1767754295387503, 0.37396737154054205]",[1.24083128e+00 1.00000000e-04],[-99.7055303  -99.85029224 -99.8500025  -99.70019493],275.73011662063544,280.9203563209046
471,136.05659740006254,"[0.5299634515458123, 0.6145769491428715]",[3.61197514e-04 9.99900000e-01],[-1049.8749875  -649.9249925  1049.8749875  -100.       ],276.1131948001251,281.30343450039425
472,135.93799339128452,"[0.7994201627182894, 0.40636310497261685]",[5.61348398e-04 9.29568392e-01],[-961.96251655   99.75641755 -194.23595715  -99.9828441 ],275.87598678256904,281.0662264828382
473,128.56475418113996,"[0.5823749613339418, 0.05757467276645433]",[0.01259112 0.03705997],[ -67.69777028 -120.49569506  -83.56629509  -11.60835752],261.1295083622799,266.3197480625491
474,133.95640459406468,"[0.6197248590118465, 0.14504894863849174]",[1.74325029e+00 1.00000000e-04],[-99.65579218 -99.87007148 -99.79510598 -99.77517994],271.91280918812936,277.1030488883985
475,133.02510724615738,"[0.6553534559039907, 0.37498735112169196]",[9.08056488e-04 9.99900000e-01],[-1049.8749875   100.         -199.875       649.9249925],270.05021449231475,275.2404541925839
476,135.12032456403043,"[0.6197248590118465, 0.14504894863849174]",[0.00168783 0.39126062],[  79.66981964   27.76760976 -129.39785822  -56.02930497],274.24064912806085,279.43088882833
477,90.85017251585337,"[0.08580837265228797, 0.20004989335714868]",[0.18977004 0.0076831 ],[ -80.873304    -87.34357735 -103.038007   -100.        ],185.70034503170675,190.89058473197593
478,131.69822409546637,"[0.8340880417709262, 0.4352830508486372]",[8.1315327e-04 9.9990000e-01],[-1049.8749875    99.9999925  1049.8749875   -99.9999925],267.39644819093274,272.5866878912019
479,58.2922017793048,"[0.33773172488370956, 0.6204877714440452]",[0.12056633 0.02904143],[ -63.98294181  -71.59141309 -102.90414379 -100.        ],120.5844035586096,125.77464325887877
480,102.52476525858603,"[0.2522589617821818, 0.5127034950874358]",[0.00303911 0.9999    ],[-1049.8749875   100.         -200.          -99.925    ],209.04953051717206,214.23977021744125
481,135.62529170413987,"[0.3247942364805572, 0.35804851920470554]",[5.44822074e-04 9.99900000e-01],[ 200.        -649.9249925 -200.         -99.9999925],275.25058340827974,280.4408231085489
482,136.98681514903672,"[0.3158033155329973, 0.7954013798348112]",[1.96178632e-04 9.99900000e-01],[ 199.875       99.9999925 -199.9999875 -100.       ],277.97363029807343,283.1638699983426
483,136.825869733367,"[0.6878583605401727, 0.2933605991390664]",[4.43254188e-04 5.49793652e-01],[ 58.08101217  82.74102635 500.19224164 -81.74991838],277.651739466734,282.84197916700316
484,90.37155684977435,"[0.3247942364805572, 0.35804851920470554]",[0.03275713 0.0316627 ],[ -83.81099254  -80.24675251 -200.         -193.76771147],184.7431136995487,189.9333533998179
485,135.50295162659194,"[0.03596289956909265, 0.33162248782311227]",[1.15865485e+00 1.00000000e-04],[-199.39094454 -199.59552163 -199.37568708 -199.73010649],275.0059032531839,280.19614295345303
486,132.51103103216064,"[1.8842433532824883, 0.08859315940802631]",[0.01028391 0.05299693],[ -96.08940457  -61.59128058 -106.13869776  -27.09125638],269.0220620643213,274.21230176459045
487,119.30765750767488,"[0.39309369913662373, 0.662456234243174]",[2.06627133e+00 1.00000000e-04],[-99.72085803 -99.79526626 -99.8700335  -99.9250075 ],242.61531501534975,247.80555471561894
488,136.0030509397016,"[2.991414885756473, 0.09060059638670746]",[6.41588554e-04 8.00981055e-01],[-801.53904009   95.26301155 -192.10501971  -97.63514538],276.0061018794032,281.1963415796724
489,81.03684031829556,"[0.38911339594844063, 0.20964067666344263]",[1.81112237e+00 1.00000000e-04],[-199.76507049 -199.80505849 -199.62514997 -198.36999423],166.07368063659112,171.2639203368603
490,134.2178939206435,"[0.6197248590118465, 0.14504894863849174]",[0.01590149 0.02419258],[-112.69845859 -117.93547017 -119.33184256 -119.85887941],272.435787841287,277.62602754155614
491,137.24474837566663,"[0.08310639250472895, 0.8978203544552514]",[0.0001 0.0001],[199.50052474 199.8749975  199.10285961 199.85008249],278.48949675133326,283.6797364516024
492,128.4181509125157,"[0.19990814144379154, 0.07819735908448476]",[0.00771929 0.07024969],[-43.11334622 -88.14620122  76.82843685  -5.69572174],260.8363018250314,266.02654152530056
493,128.88603676271805,"[0.0036019992485398925, 0.6824021156466772]",[0.00188351 0.67201329],[ 190.2419199    45.57440909 -190.24199379  -96.52826788],261.7720735254361,266.96231322570526
494,133.08598701986466,"[0.7171755953456583, 0.6262367981547122]",[8.18764987e-04 9.99900000e-01],[ 200.         100.        -199.875      -99.9999925],270.1719740397293,275.3622137399985
495,125.13137416576573,"[0.6724397853685601, 0.7834972764288487]",[2.21566564e+00 1.00000000e-04],[-99.71062909 -99.85029224 -99.77505999 -99.8500375 ],254.26274833153147,259.45298803180066
496,51.0888042260577,"[0.250791568291274, 0.00917705796940667]",[2.73175424e+00 1.00000000e-04],[ -99.880006    -99.49716513 -100.020001   -100.        ],106.1776084521154,111.36784815238457
498,136.38320253980154,"[0.652204454462286, 0.3098882819046165]",[4.01826949e-04 9.51426916e-01],[ 142.23282173   98.31644236 -199.99337985  -98.31644269],276.7664050796031,281.95664477987225
499,128.60572935062703,"[0.6874442548999317, 0.09284424634330764]",[0.00113694 0.88846901],[-910.58800287 -566.36326603 -186.18500217  -91.7110013 ],261.21145870125406,266.4016984015232
500,133.6364013257202,"[0.3247942364805572, 0.35804851920470554]",[0.00145175 0.61541946],[ 183.02931159   73.52332648 -183.11687263  -88.62394023],271.2728026514404,276.46304235170953
501,90.94894776296174,"[0.5750287310874591, 0.2975847503457935]",[0.01075235 0.34185002],[-116.96856792 -191.95799389  120.85778052  -13.36772397],185.89789552592347,191.08813522619266
502,134.48199964103213,"[1.3799469479649307, 0.6813501000897497]",[8.22749214e-04 9.99900000e-01],[ 200.         100.        -199.9999875 -100.       ],272.96399928206426,278.1542389823334
503,115.14859078178858,"[0.493439983537993, 0.6494766507148412]",[0.06387853 0.01703403],[ -67.18675569  -75.87696947 -105.02365911  -76.73135615],234.29718156357717,239.48742126384636
504,89.81089966546551,"[0.46612458416564156, 0.40478462572791174]",[2.54453244e+00 1.00000000e-04],[ -99.7903791   -99.68106089 -100.03       -100.        ],183.62179933093103,188.81203903120021
505,117.1319798797771,"[1.4281645869880564, 0.12442469288331622]",[0.00325594 0.65381628],[-621.35415212   40.9397926  -165.92386363  -97.12752329],238.2639597595542,243.4541994598234
506,136.57553830859808,"[0.5908778969269409, 0.17548529379327157]",[7.14414118e-01 1.00000000e-04],[99.62528736 99.55051713 99.80515591 99.87521235],277.15107661719617,282.3413163174653
507,137.24378689294127,"[1.1819220348887698, 0.1822466319931266]",[0.0001 0.0001],[99.9650105  99.9250225  99.9001849  99.68106089],278.48757378588255,283.6778134861517
508,132.39852698994898,"[1.4281645869880564, 0.12442469288331622]",[1.55980057e+00 1.00000000e-04],[-199.35617115 -199.55069692 -199.62514997 -199.61521644],268.79705397989795,273.9872936801671
509,137.2453756217678,"[0.537591587686623, 0.3689803319711783]",[0.0001 0.0001],[100.010001   100.          99.52765146  99.979998  ],278.4907512435356,283.6809909438048
510,137.24314465728858,"[0.9662922152747153, 0.30754964999568046]",[0.0001 0.0001],[199.37562464 199.24099572 199.62041075 199.70031485],278.48628931457716,283.6765290148463
511,116.75480743393516,"[0.10589112846248137, 0.9524401847451691]",[0.0099481  0.09798987],[  -6.08128693  -22.86182501 -200.           18.14055116],237.5096148678703,242.6998545681395
512,135.90665261499626,"[0.46439660447538106, 0.32051505747902576]",[4.16186472e-04 9.99900000e-01],[ 200.         100.        1049.8749875  -99.925    ],275.8133052299925,281.0035449302617
513,122.50395943690596,"[0.9713934322831533, 0.12447463407671554]",[2.37173544e+00 1.00000000e-04],[-99.77569646 -99.81524978 -99.8600185  -99.77508998],249.00791887381192,254.1981585740811
514,124.53621149002306,"[0.5286617171867224, 0.05920761247852437]",[0.04371875 0.01727275],[-64.1556361  -75.69245754 -86.75219352 -64.28857666],253.07242298004613,258.2626626803153
515,135.18132713418953,"[0.45662110024368907, 0.09978264975914097]",[6.37402429e-04 9.99900000e-01],[ 200.        -649.9249925 -200.         -99.9999925],274.36265426837906,279.5528939686482
516,128.36686953880553,"[0.8475904042755008, 0.3456834258566165]",[0.07680551 0.01071851],[-87.68452768 -83.62930253 -78.12335249 -84.84196118],260.73373907761106,265.9239787778802
517,118.47577607070436,"[0.5799266549849978, 0.1299026620150783]",[0.00738344 0.26653652],[-96.24107108  29.49827073 218.079411   153.77080004],240.9515521414087,246.1417918416779
519,131.52300759688015,"[0.11863300980735386, 0.7382123176342338]",[7.87926289e-04 9.99900000e-01],[-1049.8749875  -649.9249925  -199.875      -100.       ],267.0460151937603,272.23625489402946
520,131.90797349256454,"[0.5178959730620216, 0.43944816447416096]",[8.17204170e-04 9.78366144e-01],[ 173.54272176   99.65657639 -199.99973212  -99.65657639],267.8159469851291,273.00618668539823
